HLA-DQB11	HLA-DQB12
03:02	06:02
04:02	03:03
04:02	03:01
02:01	03:02
03:02	05:03
03:03	04:02
02:01	05:01
06:02	03:03
05:01	06:03
05:01	06:04
05:01	03:03
05:01	06:02
03:01	03:02
03:03	06:03
06:02	06:04
05:01	04:02
02:01	06:02
02:01	06:04
04:02	06:03
03:02	04:02
05:01	06:03
06:02	06:09
05:01	03:03
03:03	06:02
03:01	04:02
04:02	06:02
05:01	02:02
06:03	06:03
05:01	06:02
05:01	03:03
04:02	05:01
04:02	05:01
02:01	05:02
03:02	04:02
02:01	06:03
05:01	05:01
02:02	06:04
05:01	06:02
03:01	05:01
06:03	05:03
05:01	04:02
04:02	06:03
02:01	03:01
06:03	06:02
03:03	05:03
03:03	03:03
03:01	06:02
05:01	06:03
03:03	06:02
03:02	04:02
02:01	06:02
06:04	06:02
05:01	06:02
03:02	02:02
03:02	06:02
03:02	06:02
05:01	02:01
02:01	06:02
05:01	02:01
05:01	05:01
06:03	06:04
02:01	04:02
03:01	03:01
02:01	04:02
02:01	03:03
05:01	03:02
02:01	03:02
03:03	06:02
02:01	06:03
02:01	02:01
03:01	06:02
06:02	03:01
06:03	06:03
02:01	03:02
02:01	06:02
05:01	05:01
03:02	03:03
03:01	03:03
02:01	02:02
02:02	06:03
05:01	03:03
06:03	06:04
03:01	06:03
05:01	06:02
05:01	05:03
05:01	04:02
05:01	02:01
02:01	03:02
05:01	06:04
02:01	04:02
05:01	03:02
06:02	05:03
02:01	03:02
03:03	06:03
03:02	04:02
03:02	06:03
02:01	06:04
06:03	03:03
05:01	04:02
05:01	06:02
05:01	02:02
05:01	03:02
02:01	04:02
03:03	06:04
02:01	03:01
05:01	06:02
05:01	06:03
02:01	06:02
02:01	03:01
05:01	06:02
03:02	03:02
03:02	03:01
02:02	03:03
04:02	06:04
04:02	05:02
04:02	06:02
05:01	04:02
06:03	06:03
03:02	04:02
02:01	06:03
03:01	06:03
03:01	03:01
02:01	03:01
03:02	03:02
03:01	03:01
04:02	06:02
05:01	03:03
05:01	06:04
05:01	04:02
03:02	03:03
02:01	03:02
03:01	05:03
03:01	02:02
06:02	06:02
03:01	06:04
03:02	04:02
02:01	02:02
05:01	06:03
02:01	03:03
05:01	03:03
03:04	04:02
02:01	05:02
05:01	05:01
02:01	06:04
02:01	03:02
03:01	06:03
03:03	05:03
04:02	06:02
05:01	06:02
02:02	06:02
03:03	06:02
05:01	03:01
03:01	06:04
03:01	03:03
05:01	06:02
06:02	03:02
03:03	06:02
02:02	03:01
03:01	06:03
06:03	06:09
05:01	06:03
05:01	05:03
06:04	06:02
03:03	05:02
03:02	03:03
03:01	05:01
02:01	03:01
03:01	03:01
03:03	03:01
06:03	06:02
03:02	04:02
06:02	05:02
03:01	06:04
03:01	03:01
02:01	06:02
05:01	03:01
05:01	03:03
02:01	03:02
02:01	06:02
06:02	05:02
02:01	04:02
02:02	03:01
05:01	02:01
05:01	06:03
03:03	06:03
05:01	03:03
02:01	06:09
05:01	02:01
03:02	06:02
03:01	06:03
03:01	06:03
05:01	05:01
02:01	04:02
03:01	03:01
05:01	03:03
03:02	06:02
05:01	02:01
03:02	06:02
02:02	04:02
05:01	05:01
03:03	03:01
03:01	04:02
05:02	03:01
05:01	03:03
04:02	03:03
03:01	02:01
03:02	06:02
02:01	06:06
03:02	03:01
02:01	06:03
02:02	04:02
05:01	02:01
06:02	03:01
02:01	02:01
02:01	05:01
03:02	06:02
05:01	05:01
03:02	06:02
04:02	06:03
05:01	06:03
06:03	06:04
02:02	03:01
03:03	05:01
02:01	05:01
03:02	06:03
04:02	06:03
02:01	05:01
04:02	06:03
03:01	06:03
05:01	06:03
05:01	06:03
03:02	06:02
02:01	06:03
02:01	05:01
04:02	05:01
03:02	05:01
02:01	03:02
03:01	05:01
04:02	05:01
03:02	03:03
05:01	06:02
06:03	06:03
02:02	05:01
03:01	05:01
02:01	06:04
06:02	06:02
03:02	03:03
02:02	04:02
02:01	05:01
03:02	05:01
03:01	05:01
02:01	05:01
05:01	06:03
06:03	03:01
05:01	05:02
04:02	05:01
02:01	06:03
02:01	03:02
05:01	06:02
05:01	06:02
06:02	06:03
03:01	05:01
03:01	04:02
03:03	05:01
02:01	06:04
05:01	05:01
03:01	06:02
05:01	05:01
03:02	05:01
05:01	05:01
03:02	05:01
03:02	06:04
05:01	06:03
03:03	06:02
05:01	06:03
04:02	06:02
02:02	05:01
04:02	04:02
03:02	05:01
03:01	05:01
02:01	06:02
02:01	03:01
03:02	06:02
03:01	05:01
06:02	06:03
03:02	06:02
04:02	06:04
05:01	02:02
04:02	05:01
03:03	05:01
03:01	05:01
02:02	06:02
03:01	05:01
04:02	05:01
05:01	06:03
03:01	06:03
06:03	02:01
04:02	06:02
03:01	04:02
03:02	06:02
03:01	03:02
02:01	06:03
03:03	06:02
05:01	03:02
03:02	05:01
02:01	06:03
05:03	06:02
03:01	03:02
03:02	05:01
03:02	05:01
03:03	03:01
02:01	02:01
05:01	05:01
03:02	05:01
02:01	02:01
03:02	03:01
06:03	06:02
03:02	04:02
03:01	06:03
03:02	06:03
05:01	03:03
02:02	03:01
02:02	03:01
03:03	03:03
05:01	03:01
03:02	03:03
04:02	06:02
02:01	03:02
03:02	03:02
05:01	05:02
06:04	06:02
05:01	04:02
03:01	06:02
02:01	03:02
03:01	04:02
03:02	04:02
06:03	06:04
03:01	05:03
04:02	04:02
02:02	06:02
03:02	04:02
04:02	04:02
03:03	06:02
04:02	06:03
05:01	03:02
06:02	06:02
02:01	03:01
04:02	04:02
05:01	05:03
03:01	06:04
04:02	05:03
06:03	06:04
02:02	06:02
03:01	06:03
03:02	03:01
05:01	02:02
02:02	03:01
03:02	03:03
04:02	05:01
03:02	04:02
03:03	06:04
05:01	02:01
05:01	02:02
03:01	03:01
05:01	06:03
04:02	06:02
06:02	06:04
03:01	03:02
03:03	06:02
03:01	05:01
02:01	03:02
04:02	05:01
05:01	06:02
03:03	05:03
02:01	03:02
02:02	06:02
03:02	03:02
02:01	03:01
05:01	06:02
05:01	06:03
05:01	03:01
03:01	02:02
06:03	06:03
02:02	04:02
03:02	06:02
05:01	02:02
03:02	06:02
03:02	06:04
03:02	03:02
02:01	03:01
03:01	03:01
05:01	04:02
02:01	06:02
02:01	04:02
03:02	03:02
03:05	06:01
03:03	04:02
03:02	06:02
02:01	03:02
04:02	06:02
02:01	05:01
05:01	05:01
02:01	05:01
02:02	06:03
02:01	06:02
05:01	03:01
02:01	06:03
03:02	05:01
05:01	02:01
05:01	03:01
05:01	02:01
05:01	03:02
02:02	04:02
04:02	06:02
05:01	06:02
02:02	06:03
02:02	06:02
03:02	04:02
05:01	04:02
03:03	06:03
05:01	02:01
05:01	03:02
06:03	06:02
03:02	02:02
05:01	06:02
04:02	03:03
06:04	06:02
06:04	06:02
05:01	06:02
03:01	06:02
02:01	06:02
02:01	06:03
03:03	03:03
04:02	06:03
06:02	06:02
04:02	06:02
05:01	02:01
03:02	05:03
05:01	03:01
03:03	06:02
06:03	06:03
03:02	04:02
05:01	03:03
05:01	05:01
05:01	03:01
02:02	06:02
05:01	05:01
05:01	03:02
02:01	03:01
06:03	06:02
02:01	04:02
03:02	06:02
02:01	03:01
05:01	06:02
02:01	04:02
05:01	06:03
06:04	06:09
03:02	05:03
03:01	06:03
06:03	06:04
03:01	02:02
05:01	03:01
02:01	03:01
05:01	06:03
06:03	06:03
04:02	06:02
05:01	06:03
05:01	03:03
04:02	06:03
03:02	03:01
04:02	06:01
03:02	03:01
03:02	04:02
02:01	05:03
06:02	06:01
06:03	06:02
06:03	06:02
02:02	06:02
03:01	03:02
05:01	06:02
05:01	03:01
05:01	05:01
04:02	05:01
03:01	06:02
05:01	05:01
02:01	06:02
03:03	03:01
05:01	05:01
02:01	03:01
02:01	03:02
04:02	06:02
05:01	06:03
04:02	06:02
02:01	03:01
06:03	06:03
06:02	05:02
03:01	03:03
02:02	03:03
04:02	06:03
03:01	06:02
02:01	02:02
02:01	04:02
02:01	02:02
03:01	05:02
02:01	06:02
04:02	04:02
05:01	06:09
06:02	06:03
04:02	06:02
02:01	06:02
03:02	03:02
05:01	06:02
02:01	06:03
03:02	06:03
02:02	05:02
02:02	06:04
05:01	03:01
03:02	06:02
03:03	04:02
03:01	03:01
03:02	06:04
05:01	03:02
05:01	06:02
06:02	06:04
05:01	03:02
03:02	02:02
02:02	05:03
05:01	02:02
04:02	03:03
02:01	04:02
04:02	06:03
06:03	06:02
03:02	03:01
03:02	03:01
05:01	03:01
02:02	03:01
02:01	03:02
05:01	03:03
02:01	06:02
02:01	06:02
03:01	03:01
05:01	02:02
03:01	06:02
05:01	03:02
05:01	06:03
02:01	03:02
04:02	03:03
03:02	05:01
05:01	06:03
02:01	06:02
02:02	06:02
03:01	04:02
03:01	06:02
06:03	06:04
02:01	06:02
04:02	03:01
04:02	03:01
03:01	06:03
04:02	03:03
04:02	06:04
05:01	03:01
03:01	06:02
05:01	06:03
05:01	02:01
03:02	04:02
03:01	06:02
03:02	06:03
02:01	03:02
04:02	03:03
03:01	06:03
03:02	04:02
05:01	02:01
05:01	06:03
06:03	06:02
05:01	05:01
05:01	06:02
02:01	03:02
02:01	06:03
03:01	04:02
05:01	02:01
03:01	06:02
03:01	03:03
03:01	06:02
03:01	06:03
05:01	03:01
02:02	03:01
03:02	06:09
05:01	05:01
03:02	04:02
02:01	06:02
02:02	06:02
03:02	04:02
05:01	05:01
02:01	06:02
04:02	06:02
03:01	05:02
05:01	02:01
03:01	04:02
05:01	03:02
03:02	04:02
02:01	02:01
05:01	03:01
05:01	04:02
03:02	04:02
05:01	06:02
06:04	06:02
03:02	04:02
02:02	03:01
02:01	06:04
03:01	06:03
02:02	03:01
05:01	05:01
03:01	04:02
05:01	06:02
02:01	02:02
06:03	06:03
03:02	03:02
03:01	06:03
02:01	03:02
